"taxaname"	"theta1"	"rho1"	"theta2"	"rho2"	"Gess"	"fslow"	"ffast"	"Gnew100"	"Gnew1000"	"Gcore100"	"Gcore1000"
"1"	"Bacillaceae"	"1432.67433374419"	"0.852445131974138"	"20190.248722228"	"56.2597830564753"	"892.670614202759"	"1680.66457301049"	"358.875339102541"	"165.762532763659"	"2.35318351400209"	"924.069786352175"	"897.078471890191"
"2"	"B_cereus"	"508.370328046273"	"0.172169308228492"	"14069.1930550793"	"37.6015779359837"	"0.000118966718737992"	"2952.7349170248"	"374.164964008477"	"110.902697616518"	"1.63218641926523"	"1238.30397257664"	"832.490143058399"
"3"	"Lactobacillus"	"370.016443340907"	"0.511303015578702"	"9080.23814246165"	"23.3159088422116"	"309.527774433805"	"723.673500971074"	"389.443885885444"	"73.3448209380242"	"1.09319379591549"	"370.513629653688"	"328.296630063296"
"4"	"Listeria"	"146.076261454701"	"0.30625171617255"	"1564.84268991783"	"9.57788009284944"	"1230.08250437712"	"476.981037952447"	"163.380902114874"	"9.9884463789573"	"0.868826109385703"	"1334.56170650921"	"1281.64840636811"
"5"	"Staph_aureus"	"151.18620423579"	"0.0872590531491459"	"1220.39649957855"	"13.7143887890697"	"3.00296974442809e-05"	"1732.61339402087"	"88.9865759494285"	"5.49628633272492"	"1.07860249198809"	"1109.41238194879"	"907.147839848202"
"6"	"Staphylococcus"	"7.8147029363396e-06"	"1.10191552122341e-08"	"1397.68826304587"	"1.87441268784044"	"344.549219054692"	"709.192563842214"	"745.667308012185"	"13.1024700328685"	"1.00000001970715"	"1053.97738390943"	"1053.74489416631"
"7"	"Strep_pneumoniae"	"1.39545503154538e-08"	"1.85666481923572e-11"	"785.157958788909"	"1.49073017524682"	"207.780796124946"	"751.592326782932"	"526.693543758789"	"7.36084941281452"	"1.00000000001092"	"960.0964402312"	"959.396566346056"
"8"	"Strep_pyogenes"	"242.770838674727"	"0.517914232032128"	"1742.7428845482"	"43.4318497632372"	"841.973049217766"	"468.747185653061"	"40.1259189753263"	"4.35104906211827"	"0.735070138501073"	"880.303681348186"	"853.591382478843"
"9"	"Streptococcus"	"311.370329596193"	"0.437276859153107"	"4672.12435745347"	"16.7439657755158"	"431.079889809741"	"712.066790360774"	"279.033319829486"	"35.5425105299735"	"0.994655462502096"	"515.387387928646"	"461.848532705061"
