"taxaname"	"ng"	"Ngenes"	"G0"	""	"Gcore"	""	"Gpan"	""	"dprot"
"1"	"Bacillaceae"	"38"	"4684.07894736842"	"4684.07894736842"	"1"	"464104"	"0.0100927355665291"	"17866"	"0.262178380575866"	"0.34893047368421"
"2"	"B_cereus"	"20"	"5418.8"	"5418.8"	"1"	"1295791"	"0.00418184722690619"	"10692"	"0.506808829031051"	"0.06777505"
"3"	"Lactobacillus"	"31"	"2152.03225806452"	"2152.03225806452"	"1"	"129234"	"0.0166522142629998"	"10129"	"0.212462460071529"	"0.899109322580645"
"4"	"Listeria"	"9"	"2887.55555555556"	"2887.55555555556"	"1"	"1040623"	"0.00277483349450815"	"3126"	"0.923722186678041"	"0.0571177777777778"
"5"	"Staph_aureus"	"15"	"2667.66666666667"	"2667.66666666667"	"1"	"855985"	"0.00311648763315557"	"3132"	"0.851745423584504"	"0.00312893333333333"
"6"	"Staphylococcus"	"22"	"2619.5"	"2619.5"	"1"	"522497"	"0.00501342591440716"	"5444"	"0.481171932402645"	"0.329727727272727"
"7"	"Strep_pneumoniae"	"15"	"2121"	"2121"	"1"	"436948"	"0.00485412451824931"	"3239"	"0.6548317381908"	"0.0259133333333333"
"8"	"Strep_pyogenes"	"13"	"1853"	"1853"	"1"	"461838"	"0.00401222939645503"	"2383"	"0.777591271506504"	"0.00636761538461538"
"9"	"Streptococcus"	"50"	"2000.48"	"2000.48"	"1"	"198411"	"0.0100825055062471"	"9014"	"0.221930330596849"	"0.35532336"
